Site,CollectionDate,Month,Year,SampleID,Length,WetGonadicMass,WetSomaticMass,WetTotalMass,WGSI,DryGonadicMass,DrySomaticMass,DryShellMass,DryTotalMass,DGSI,PelletMass,CalGram,CalMus,UnburnedFuse,FuseEnergy,Notes
Coleman,2014-05-15,May,2014,M001,36,0.6207,0.7048,1.3255,46.8276,0.063,0.1026,2.7745,0.1656,38.0435,0.156,4485.37,742.78,.,.,
Coleman,2014-05-15,May,2014,M002,34,0.304,0.891,1.195,25.4393,0.0574,0.1799,1.7983,0.2373,24.1888,0.2246,4777.43,1133.68,.,.,
Coleman,2014-05-15,May,2014,M003,32,0.2654,0.538,0.8034,33.0346,0.042,0.0971,1.3169,0.1391,30.1941,0.1328,4713.97,655.71,.,.,
Coleman,2014-05-15,May,2014,M004,32,0.2717,0.4711,0.7428,36.5778,0.049,0.0896,1.5271,0.1386,35.3535,0.1299,4748.75,658.18,.,.,
Coleman,2014-05-15,May,2014,M005,34,0.3416,0.7455,1.0871,31.4231,0.0514,0.1245,1.7126,0.1759,29.2211,0.1748,4442.15,781.37,.,.,
Coleman,2014-04-24,April,2014,M006,37,0.4131,0.661,1.0741,38.4601,0.0555,0.1099,1.2008,0.1654,33.555,0.1582,4497.29,743.85,.,.,
Coleman,2014-04-24,April,2014,M007,36,0.5012,0.7022,1.2034,41.6487,0.0833,0.1398,2.1214,0.2231,37.3375,0.2141,4790.35,1068.73,.,.,
Coleman,2014-04-24,April,2014,M008,34,0.3636,0.8496,1.2132,29.9703,0.0654,0.1869,1.0469,0.2523,25.9215,0.2441,4768,1202.97,.,.,
Coleman,2014-04-24,April,2014,M009,37,0.4081,0.7304,1.1385,35.8454,0.0641,0.141,1.7115,0.2051,31.253,0.196,4624.52,948.49,.,.,
Coleman,2014-04-24,April,2014,M010,33,0.4624,0.5646,1.027,45.0243,0.0905,0.1232,1.9996,0.2137,42.3491,0.2057,4693.21,1002.94,.,.,
Coleman,2014-09-07,September,2014,M011,41,0.4934,0.8916,1.385,35.6245,0.0571,0.1444,2.8857,0.2015,28.3375,0.1999,4333.12,873.12,.,.,
Coleman,2014-09-07,September,2014,M012,34,.,.,0.6891,.,.,.,1.5278,.,.,0.1021,4580.86,.,.,.,
Coleman,2014-09-07,September,2014,M013,33,.,.,0.6031,.,.,.,1.7113,.,.,0.0714,4104.09,.,.,.,
Coleman,2014-09-07,September,2014,M014,34,.,.,0.8084,.,.,.,2.3807,.,.,0.0903,4147.45,.,.,.,
Coleman,2014-09-07,September,2014,M015,32,.,.,0.6474,.,.,.,1.7131,.,.,0.0961,4488.88,.,.,.,
Coleman,2014-07-16,July,2014,M016,37,.,.,1.2268,.,.,.,1.7696,.,.,0.195,4600.34,.,.,.,
Coleman,2014-07-16,July,2014,M017,37,.,.,1.0709,.,.,.,2.3928,.,.,0.1636,4538.08,.,.,.,
Coleman,2014-07-16,July,2014,M018,36,.,.,1.0265,.,.,.,1.5186,.,.,0.1922,4665.73,.,.,.,
Coleman,2014-07-16,July,2014,M019,34,.,.,0.9126,.,.,.,1.7089,.,.,0.1315,4448.97,.,.,.,
Coleman,2014-07-16,July,2014,M020,34,.,.,0.9365,.,.,.,1.6726,.,.,0.1649,4637.77,.,.,.,
Coleman,2014-09-07,September,2014,M021,37,.,.,0.9401,.,.,.,1.776,.,.,0.0962,4141.57,.,.,.,
Coleman,2014-09-07,September,2014,M022,35,.,.,0.8397,.,.,.,1.6397,.,.,0.1178,4411.59,.,.,.,
Coleman,2014-09-07,September,2014,M023,31,.,.,0.6188,.,.,.,1.2713,.,.,0.1025,4548.74,.,.,.,
Coleman,2014-09-07,September,2014,M024,33,.,.,0.9357,.,.,.,1.9766,.,.,0.1291,4391.64,.,.,.,
Coleman,2014-09-07,September,2014,M025,34,.,.,0.8278,.,.,.,1.4825,.,.,0.1108,4448.73,.,.,.,
Coleman,2014-07-16,July,2014,M026,35,.,.,0.8917,.,.,.,1.9931,.,.,0.1493,4468.35,.,.,.,
Coleman,2014-07-16,July,2014,M027,32,.,.,0.4215,.,.,.,1.3062,.,.,0.0518,4160.21,.,.,.,
Coleman,2014-07-16,July,2014,M028,29,.,.,0.4616,.,.,.,1.0187,.,.,0.0587,4391.02,.,.,.,
Coleman,2014-07-16,July,2014,M029,31,.,.,0.6699,.,.,.,1.1393,.,.,0.0677,4170.57,.,.,.,
Coleman,2014-07-16,July,2014,M030,35,.,.,0.7889,.,.,.,1.7159,.,.,0.1067,4328.13,.,.,.,
Coleman,2014-05-15,May,2014,M031,34,0.3457,1.1299,1.4756,23.4278,0.0682,0.2079,1.3947,0.2761,24.7012,0.2696,4596.79,1269.17,.,.,
Coleman,2014-05-15,May,2014,M032,30,.,.,0.727,.,.,.,1.2636,.,.,0.1232,4593.95,.,.,.,
Coleman,2014-05-15,May,2014,M033,34,.,.,1.1784,.,.,.,1.5716,.,.,0.1605,4423.24,.,.,.,
Coleman,2014-05-15,May,2014,M034,30,0.1689,0.578,0.7469,22.6135,0.0365,0.113,1.2874,0.1495,24.4147,0.1419,4673.49,698.69,.,.,
Coleman,2014-05-15,May,2014,M035,33,0.3038,0.7925,1.0963,27.7114,0.0595,0.1555,1.3815,0.215,27.6744,0.1496,4401.12,946.24,.,.,
Coleman,2014-04-24,April,2014,M036,30,0.1612,0.6022,0.7634,21.1161,0.0308,0.13,1.5657,0.1608,19.1542,0.1499,4754.57,764.54,.,.,
Coleman,2014-04-24,April,2014,M037,31,.,.,0.9044,.,.,.,1.4563,.,.,0.1653,4640.73,.,.,.,
Coleman,2014-04-24,April,2014,M038,36,0.2834,1.0934,1.3768,20.584,0.046,0.1955,2.6432,0.2415,19.0476,0.2259,4575.04,1104.87,.,.,
Coleman,2014-04-24,April,2014,M039,33,0.2058,0.7721,0.9779,21.0451,0.0427,0.1888,1.3363,0.2315,18.4449,0.2281,4933.61,1142.13,.,.,
Coleman,2014-04-24,April,2014,M040,35,0.3027,0.8825,1.1852,25.54,0.0591,0.1975,1.7054,0.2566,23.032,0.2377,4766.11,1222.98,.,.,
Coleman,2014-06-16,June,2014,M041,31,0.1972,0.5448,0.742,26.5768,0.0363,0.0935,1.4375,0.1298,27.9661,0.1208,4566.72,592.76,.,.,
Coleman,2014-06-16,June,2014,M042,27,0.1792,0.58,0.7592,23.6038,0.0299,0.0946,1.0639,0.1245,24.0161,0.0919,4573.88,569.45,.,.,
Coleman,2014-06-16,June,2014,M043,25,0.047,0.3557,0.4027,11.6712,0.0069,0.0478,0.8111,0.0547,12.6143,0.0441,4859.48,265.81,.,.,
Coleman,2014-06-16,June,2014,M044,27,.,.,0.7031,.,.,.,1.1049,.,.,0.1151,4934.59,.,.,.,
Coleman,2014-06-16,June,2014,M045,26,0.1756,0.3634,0.539,32.5788,0.0268,0.062,0.7888,0.0888,30.1802,0.0809,4805.39,426.72,.,.,
Coleman,2014-06-16,June,2014,M046,30,.,.,0.7815,.,.,.,1.0958,.,.,0.1264,4805.2,.,.,.,
Coleman,2014-06-16,June,2014,M047,30,.,.,0.7202,.,.,.,1.0942,.,.,0.095,4580.7,.,.,.,
Coleman,2014-06-16,June,2014,M048,28,0.1078,0.383,0.4908,21.9641,0.0177,0.074,0.8791,0.0917,19.3021,0.0837,4690.04,430.08,.,.,
Coleman,2014-06-16,June,2014,M049,26,0.1023,0.302,0.4043,25.303,0.0194,0.0604,0.7187,0.0798,24.3108,0.07,4733.66,377.75,.,.,
Coleman,2014-06-16,June,2014,M050,26,0.0768,0.4131,0.4899,15.6767,0.0113,0.0688,0.8955,0.0801,14.1074,0.0582,4658.85,373.17,.,.,
Agnes,2014-04-25,April,2014,M051,36,0.1731,0.9286,1.1017,15.7121,0.0297,0.1471,1.587,0.1768,16.7986,0.1674,4547.75,804.04,.,.,
Agnes,2014-04-25,April,2014,M052,31,0.1316,0.5546,0.6862,19.1781,0.0181,0.0802,1.5659,0.0983,18.413,0.0948,4165.11,409.43,.,.,
Agnes,2014-04-25,April,2014,M053,32,0.1524,0.7443,0.8967,16.9957,0.0236,0.1132,1.6857,0.1368,17.2515,0.1355,4555.7,623.22,.,.,
Agnes,2014-04-25,April,2014,M054,32,0.1968,0.4845,0.6813,28.886,0.0286,0.0823,1.2274,0.1109,25.789,0.1071,4376.16,485.32,.,.,
Agnes,2014-04-25,April,2014,M055,31,0.1091,0.5321,0.6412,17.015,0.0184,0.0955,0.801,0.1139,16.1545,0.1085,4661.04,530.89,.,.,
Agnes,2014-04-25,April,2014,M056,26,0.0832,0.3233,0.4065,20.4674,0.0102,0.0477,0.694,0.0579,17.6166,0.0571,4094.64,237.08,.,.,
Agnes,2014-05-15,May,2014,M057,32,0.1863,0.6541,0.8404,22.168,0.0292,0.0984,1.2964,0.1276,22.884,0.1265,4583.77,584.89,.,.,
Agnes,2014-05-15,May,2014,M058,30,0.1678,0.549,0.7168,23.4096,0.0259,0.0827,1.096,0.1086,23.849,0.1088,4476.09,486.1,.,.,
Agnes,2014-05-15,May,2014,M059,31,0.1007,0.5266,0.6273,16.0529,0.0184,0.0857,1.0372,0.1041,17.6753,0.1014,4456.81,463.95,.,.,
Agnes,2014-05-15,May,2014,M060,28,0.1244,0.4235,0.5479,22.7049,0.0208,0.0671,1.1215,0.0879,23.6633,0.0871,4544.5,399.46,.,.,
Agnes,2014-05-15,May,2014,M061,28,0.114,0.4275,0.5415,21.0526,0.016,0.0646,0.7554,0.0806,19.8511,0.0773,4312.94,347.62,.,.,
Agnes,2014-05-15,May,2014,M062,26,0.1476,0.4052,0.5528,26.7004,0.02,0.0574,0.9662,0.0774,25.8398,0.0735,4255.17,329.35,.,.,
Seward,2014-04-28,April,2014,M063,31,0.3098,0.5818,0.8916,34.7465,0.044,0.0943,1.7847,0.1383,31.8149,0.1348,4621.7,639.18,.,.,
Seward,2014-04-28,April,2014,M064,33,0.2331,0.6631,0.8962,26.0098,0.0377,0.1169,1.7802,0.1546,24.3855,0.1573,4807.41,743.23,.,.,
Seward,2014-04-28,April,2014,M065,30,0.2544,0.7848,1.0392,24.4804,0.0388,0.1348,1.996,0.1736,22.3502,0.1747,4433.21,769.61,.,.,
Seward,2014-04-28,April,2014,M066,33,0.238,0.7126,0.9506,25.0368,0.0376,0.1183,1.4553,0.1559,24.118,0.1555,4676.9,729.13,.,.,
Seward,2014-04-28,April,2014,M067,31,0.1431,0.7063,0.8494,16.8472,0.0207,0.1302,1.4826,0.1509,13.7177,0.1533,4918.38,742.18,.,.,
Seward,2014-05-14,May,2014,M068,32,0.296,0.7137,1.0097,29.3156,0.0611,0.1196,1.1819,0.1807,33.8129,0.1795,4667.75,843.46,.,.,
Seward,2014-05-14,May,2014,M069,34,0.4645,0.8808,1.3453,34.5276,0.0745,0.1532,2.006,0.2277,32.7185,0.2286,4411.78,1004.56,.,.,
Seward,2014-05-14,May,2014,M070,33,0.2421,0.7972,1.0393,23.2945,0.0471,0.1323,2.3224,0.1794,26.2542,0.1821,4484.12,804.45,.,.,
Seward,2014-05-14,May,2014,M071,36,0.3176,0.9625,1.2801,24.8106,0.0652,0.1703,1.8314,0.2355,27.6858,0.2386,4748.16,1118.19,.,.,
Seward,2014-05-14,May,2014,M072,32,0.4412,0.78,1.2212,36.1284,0.0833,0.1344,1.5011,0.2177,38.2637,0.2128,4479.35,975.15,.,.,
Seward,2014-04-28,April,2014,M073,33,0.1978,0.8325,1.0303,19.1983,0.0312,0.1392,1.8364,0.1704,18.3099,0.173,4874.77,830.66,.,.,
Seward,2014-04-28,April,2014,M074,30,0.1733,0.6422,0.8155,21.2508,0.0252,0.1071,1.1799,0.1323,19.0476,0.1268,4760.16,629.77,.,.,
Seward,2014-04-28,April,2014,M075,29,0.1818,0.5049,0.6867,26.4744,0.0333,0.0962,1.803,0.1295,25.7143,0.1313,4996.35,647.03,.,.,
Seward,2014-04-28,April,2014,M076,32,0.3597,0.7396,1.0993,32.7208,0.0528,0.1304,1.6415,0.1832,28.821,0.1832,4849.89,888.5,.,.,
Seward,2014-04-28,April,2014,M077,33,0.4289,0.6904,1.1193,38.3186,0.0592,0.1152,1.4604,0.1744,33.945,0.1746,4719.79,823.13,.,.,
Seward,2014-05-14,May,2014,M078,32,0.3252,0.6269,0.9521,34.1561,0.0428,0.1006,1.4473,0.1434,29.8466,0.1432,4332.35,621.26,.,.,
Seward,2014-05-14,May,2014,M079,35,0.3301,0.8975,1.2276,26.8899,0.0522,0.1481,2.0568,0.2003,26.0609,0.2024,4423.77,886.08,.,.,
Seward,2014-05-14,May,2014,M080,34,0.2696,0.7605,1.0301,26.1722,0.0427,0.1295,1.3125,0.1722,24.7967,0.1723,4293.52,739.34,.,.,
Seward,2014-05-14,May,2014,M081,34,0.3685,0.9292,1.2977,28.3964,0.084,0.16,1.369,0.244,34.4262,0.2379,4867.41,1187.65,.,.,
Seward,2014-05-14,May,2014,M082,33,0.3362,0.7608,1.097,30.6472,0.0756,0.1402,1.6142,0.2158,35.0324,0.2143,4975.4,1073.69,.,.,
Seward,2014-06-17,June,2014,M083,32,0.1432,0.5953,0.7385,19.3907,0.0269,0.094,1.0618,0.1209,22.2498,0.1195,4803.51,580.74,.,.,
Seward,2014-06-17,June,2014,M084,30,0.0963,0.4791,0.5754,16.7362,0.0164,0.0775,0.6133,0.0939,17.4654,0.0948,4629.88,434.75,.,.,
Seward,2014-06-17,June,2014,M085,31,0.0926,0.6089,0.7015,13.2003,0.0131,0.0872,1.0439,0.1003,13.0608,0.0993,4612.03,462.59,.,.,
Seward,2014-06-17,June,2014,M086,31,0.0637,0.5825,0.6462,9.8576,0.0093,0.0829,0.6931,0.0922,10.0868,0.0927,4444.27,409.76,.,.,
Seward,2014-06-17,June,2014,M087,35,0.2661,0.7555,1.0216,26.0474,0.0441,0.1248,1.5231,0.1689,26.1101,0.1701,4505.42,760.96,.,.,
Seward,2014-08-13,August,2014,M088,27,0.0248,0.3852,0.41,6.0488,0.0018,0.0418,0.5995,0.0436,4.1284,0.0447,4461.23,194.51,.,.,
Seward,2014-08-13,August,2014,M089,29,0.0192,0.4348,0.454,4.2291,0.0016,0.0471,0.7123,0.0487,3.2854,0.0488,4509.56,219.62,.,.,
Seward,2014-08-13,August,2014,M090,32,0.1161,0.6621,0.7782,14.919,0.008,0.0623,1.3523,0.0703,11.3798,0.067,4460.26,313.56,.,.,
Seward,2014-08-13,August,2014,M091,35,0.0821,0.7582,0.8403,9.7703,0.0054,0.0704,1.404,0.0758,7.124,0.0755,4472.61,339.02,.,.,
Seward,2014-08-13,August,2014,M092,37,0.1403,0.9505,1.0908,12.8621,0.0075,0.0958,2.2433,0.1033,7.2604,0.0972,4411.36,455.69,.,.,
Seward,2014-06-17,June,2014,M093,33,0.1993,0.6453,0.8446,23.597,0.0329,0.1027,0.9871,0.1356,24.2625,0.1339,4645.9,629.98,.,.,
Seward,2014-06-17,June,2014,M094,29,0.1009,0.4978,0.5987,16.8532,0.0154,0.0799,0.6896,0.0953,16.1595,0.0965,4334.15,413.04,.,.,
Seward,2014-06-17,June,2014,M095,33,0.2539,0.856,1.1099,22.8759,0.045,0.1333,1.1767,0.1783,25.2384,0.18,4754.17,847.67,.,.,
Seward,2014-06-17,June,2014,M096,30,0.0609,0.644,0.7049,8.6395,0.007,0.0756,1.0644,0.0826,8.4746,0.0807,4320.84,356.9,.,.,
Seward,2014-06-17,June,2014,M097,33,0.0845,0.8352,0.9197,9.1878,0.0119,0.1057,1.4405,0.1176,10.119,0.119,4580.88,538.71,.,.,
Seward,2014-08-13,August,2014,M098,36,0.2774,0.9861,1.2635,21.9549,0.032,0.126,2.1806,0.158,20.2532,0.158,4880.34,771.09,.,.,
Seward,2014-08-13,August,2014,M099,34,0.073,0.7741,0.8471,8.6176,0.0067,0.0794,1.2046,0.0861,7.7816,0.0898,4458.33,383.86,.,.,
Seward,2014-08-13,August,2014,M100,36,0.0978,0.808,0.9058,10.7971,0.0079,0.0939,1.6319,0.1018,7.7603,0.1038,4449.33,452.94,.,.,
Seward,2014-08-13,August,2014,M101,38,0.2544,1.013,1.2674,20.0726,0.0228,0.1139,1.7321,0.1367,16.6789,0.1349,4884.02,667.65,.,.,
Seward,2014-08-13,August,2014,M102,36,0.1342,0.9671,1.1013,12.1856,0.011,0.1042,1.5868,0.1152,9.5486,0.1113,4687.84,540.04,.,.,
Seward,2015-01-24,January,2015,M103,37,0.073,1.0264,1.0994,6.64,0.0067,0.0925,2.4717,0.0992,6.754,0.0945,4042.03,400.97,.,.,
Seward,2015-01-24,January,2015,M104,39,0.0569,0.8588,0.9157,6.2138,0.0032,0.0614,2.4497,0.0646,4.9536,0.064,3492.98,225.65,.,.,
Seward,2015-01-24,January,2015,M105,36,0.108,0.9268,1.0348,10.4368,0.0088,0.1001,2.0497,0.1089,8.0808,0.1058,4088.09,445.19,.,.,
Seward,2015-01-24,January,2015,M106,36,0.1108,0.9973,1.1081,9.9991,0.0095,0.104,2.994,0.1135,8.37,0.1152,4118.6,467.46,.,.,
Seward,2015-01-24,January,2015,M107,34,0.0664,0.8658,0.9322,7.1229,0.0067,0.0918,1.6017,0.0985,6.802,0.0978,4199.76,413.68,.,.,
Seward,2015-01-24,January,2015,M108,41,0.3186,1.4125,1.7311,18.4045,0.0406,0.1826,3.6213,0.2232,18.19,0.2202,4482.66,1000.53,.,.,
Seward,2015-01-24,January,2015,M109,43,0.1553,1.2479,1.4032,11.0676,0.027,0.1421,2.4981,0.1691,15.9669,0.1366,4280.19,723.78,.,.,
Seward,2015-01-24,January,2015,M110,40,0.1518,1.1156,1.2674,11.9773,0.029,0.1312,2.7489,0.1602,18.1024,0.1146,4315.74,691.38,.,.,
Seward,2015-01-24,January,2015,M111,33,0.1044,0.9687,1.0731,9.7288,0.0093,0.0983,2.2951,0.1076,8.6431,0.1084,4203.4,452.29,.,.,
Seward,2015-01-24,January,2015,M112,38,0.1186,0.9031,1.0217,11.6081,0.0101,0.0894,2.2329,0.0995,10.1508,0.0963,4094.11,407.36,.,.,
Seward,2015-01-24,January,2015,M113,39,0.1094,0.9982,1.1076,9.8772,0.0102,0.1113,3.0707,0.1215,8.3951,.,.,.,.,.,
Seward,2015-01-24,January,2015,M114,33,0.1325,0.7186,0.8511,15.5681,0.0183,0.1024,2.2309,0.1207,15.1616,.,.,.,.,.,
Seward,2015-01-24,January,2015,M115,42,0.1035,0.932,1.0355,9.9952,0.0064,0.0839,2.8124,0.0903,7.0875,.,.,.,.,.,
Seward,2015-01-24,January,2015,M116,33,0.044,.,.,.,0.0042,0.059,1.1642,0.0632,6.6456,0.0623,3819.41,241.39,.,.,
Seward,2015-01-24,January,2015,M117,40,0.0931,0.9284,1.0215,9.114,0.0124,0.1232,1.9734,0.1356,9.1445,0.1317,4061.76,550.77,.,.,
Seward,2015-01-24,January,2015,M118,34,.,.,0.925,.,.,.,1.8207,.,.,.,.,.,.,.,
Seward,2015-01-24,January,2015,M119,32,0.08,0.7696,0.8496,9.4162,0.0082,0.0837,2.0671,0.0919,8.9227,.,.,.,.,.,
Seward,2015-01-24,January,2015,M120,33,0.0524,0.6574,0.7098,7.3824,0.0042,0.0652,2.2887,0.0694,6.0519,.,.,.,.,.,
Seward,2015-01-24,January,2015,M121,36,0.0663,0.7728,0.8391,7.9013,0.0036,0.0654,1.4352,0.069,5.2174,.,.,.,.,.,
Seward,2015-01-24,January,2015,M122,38,0.1847,1.0896,1.2743,14.4942,0.0191,0.1419,3.3938,0.161,11.8634,.,.,.,.,.,
Agnes,2014-09-07,September,2014,M123,33,0.022,0.3962,0.4182,5.2606,0.004,0.0598,1.0748,0.0638,6.2696,0.055,4649.17,296.62,.,.,
Agnes,2014-09-07,September,2014,M124,31,0.0327,0.4431,0.4758,6.8726,0.0067,0.0762,0.6316,0.0829,8.082,0.0815,4847.35,401.84,.,.,
Agnes,2014-09-07,September,2014,M125,34,0.0337,0.5448,0.5785,5.8254,0.004,0.0643,1.5166,0.0683,5.8565,0.0696,4670.65,319.01,.,.,
Agnes,2014-09-07,September,2014,M126,34,0.0229,0.4088,0.4317,5.3046,0.0028,0.0496,1.7141,0.0524,5.3435,0.0529,4756.02,249.22,.,.,
Agnes,2014-09-07,September,2014,M127,40,0.0745,0.7152,0.7897,9.434,0.0139,0.1053,2.3109,0.1192,11.6611,0.1199,4895.42,583.53,.,.,
Agnes,2014-05-15,May,2014,M128,26,0.158,0.331,0.489,32.3108,0.0207,0.0441,0.8809,0.0648,31.9444,0.0642,4062.22,263.23,1.6,19.32,
Agnes,2014-05-15,May,2014,M129,26,0.1006,0.2953,0.3959,25.4105,0.016,0.045,0.6927,0.061,26.2295,0.0599,4360.44,265.99,.,.,
Agnes,2014-05-15,May,2014,M130,26,0.0915,0.2771,0.3686,24.8237,0.0139,0.0425,0.5351,0.0564,24.6454,0.0514,4201.63,236.97,.,.,
Agnes,2014-05-15,May,2014,M131,26,0.0234,0.212,0.2354,9.9405,0.0035,0.0324,0.6112,0.0359,9.7493,0.0352,4216.33,151.37,.,.,
Agnes,2014-09-07,September,2014,M132,31,0.0424,0.3426,0.385,11.013,0.0071,0.0609,1.0134,0.068,10.4412,.,.,.,.,.,
Agnes,2014-09-07,September,2014,M133,32,0.0284,0.4544,0.4828,5.8824,0.0038,0.0614,1.045,0.0652,5.8282,.,.,.,.,.,
Agnes,2014-09-07,September,2014,M134,28,0.0403,0.4067,0.447,9.0157,0.0058,0.0599,0.9908,0.0657,8.828,.,.,.,.,.,
Agnes,2014-09-07,September,2014,M135,30,0.0164,0.2677,0.2841,5.7726,0.0023,0.0355,0.759,0.0378,6.0847,.,.,.,.,.,
Agnes,2014-09-07,September,2014,M136,31,0.0397,0.4194,0.4591,8.6474,0.0078,0.0813,1.6475,0.0891,8.7542,.,.,.,.,.,
Agnes,2014-04-28,April,2014,M137,42,0.619,1.078,1.697,36.4761,0.0781,0.1566,2.7122,0.2347,33.2765,.,.,.,.,.,
Agnes,2014-04-28,April,2014,M138,34,0.0306,0.3553,0.3859,7.9295,0.0046,0.0524,1.4558,0.057,8.0702,.,.,.,.,.,
Agnes,2014-04-28,April,2014,M139,29,0.0646,0.469,0.5336,12.1064,0.0125,0.0788,0.7735,0.0913,13.6911,.,.,.,.,.,
Agnes,2014-04-28,April,2014,M140,32,0.0892,0.4946,0.5838,15.2792,0.0208,0.0909,0.9289,0.1117,18.6213,.,.,.,.,.,
Seward,2015-02-17,February,2015,M141,38,0.111,1.0264,1.1374,9.7591,0.0082,0.0897,3.854,0.0979,8.3759,.,.,.,.,.,
Seward,2015-02-17,February,2015,M142,40,0.2085,1.054,1.2625,16.5149,0.017,0.1085,2.7423,0.1255,13.5458,.,.,.,.,.,
Seward,2015-02-17,February,2015,M143,36,0.0874,0.8567,0.9441,9.2575,0.0067,0.0786,2.32,0.0853,7.8546,.,.,.,.,.,
Seward,2015-02-17,February,2015,M144,40,0.1664,1.2502,1.4166,11.7464,0.0134,0.1194,2.3767,0.1328,10.0904,.,.,.,.,.,
Agnes,2014-04-28,April,2014,M145,36,0.0954,0.6151,0.7105,13.4272,0.0179,0.102,1.1056,0.1199,14.9291,0.1234,4774.66,572.48,.,.,
Agnes,2014-04-28,April,2014,M146,34,0.2741,0.56,0.8341,32.8618,0.0374,0.0932,1.3811,0.1306,28.6371,0.1312,4573.24,597.26,.,.,
Agnes,2014-04-28,April,2014,M147,31,0.061,0.3675,0.4285,14.2357,0.0174,0.0796,0.9653,0.097,17.9381,0.0976,4572.85,443.57,.,.,
Agnes,2014-04-28,April,2014,M148,32,0.0724,0.3375,0.4099,17.6628,0.0144,0.0634,0.9408,0.0778,18.509,0.0754,4725.1,367.61,.,.,
Agnes,2014-09-07,September,2014,M149,29,0.0303,0.3173,0.3476,8.7169,0.005,0.0502,0.8471,0.0552,9.058,0.0529,4698.46,259.36,.,.,
Agnes,2014-09-07,September,2014,M150,30,0.0361,0.361,0.3971,9.0909,0.006,0.0567,0.7903,0.0627,9.5694,0.0623,4859.77,304.71,.,.,
Agnes,2014-09-07,September,2014,M151,30,0.0284,0.4219,0.4503,6.3069,0.0032,0.0537,0.9166,0.0569,5.6239,0.0576,4830.92,274.88,.,.,
Agnes,2014-09-07,September,2014,M152,31,0.0211,0.2934,0.3145,6.7091,0.003,0.0426,0.7476,0.0456,6.5789,0.0456,4709.68,214.76,.,.,
Agnes,2014-09-07,September,2014,M153,33,0.0178,0.4302,0.448,3.9732,0.0022,0.0564,1.1565,0.0586,3.7543,0.0618,4615.4,270.46,.,.,
Agnes,2014-09-07,September,2014,M154,29,0.0244,0.2927,0.3171,7.6947,0.003,0.0442,0.7211,0.0472,6.3559,0.0464,4492.89,212.06,.,.,
Agnes,2014-09-07,September,2014,M155,27,0.0458,0.3146,0.3604,12.7081,0.0091,0.0679,0.8642,0.077,11.8182,0.0769,4866.11,374.69,.,.,
Agnes,2014-09-07,September,2014,M156,28,0.0401,0.2438,0.2839,14.1247,0.0077,0.0463,0.6894,0.054,14.2593,0.0534,4740.31,255.98,.,.,
Agnes,2014-09-07,September,2014,M157,29,0.023,0.2854,0.3084,7.4578,0.0035,0.0433,0.6858,0.0468,7.4786,0.0465,4788.91,224.12,.,.,
Agnes,2014-09-07,September,2014,M158,28,0.0135,0.2946,0.3081,4.3817,0.002,0.042,0.7293,0.044,4.5455,0.0434,4623.64,203.44,.,.,
Agnes,2014-04-28,April,2014,M159,31,0.227,0.5786,0.8056,28.1778,0.0383,0.095,1.3633,0.1333,28.7322,0.1362,4412.87,588.24,.,.,
Seward,2015-02-17,February,2015,M160,31,0.044,0.3754,0.4194,10.4912,0.0038,0.0438,1.301,0.0476,7.9832,0.0479,4009.09,190.83,.,.,
Seward,2015-02-17,February,2015,M161,31,0.0214,0.5285,0.5499,3.8916,0.0026,0.0765,1.2575,0.0791,3.287,0.0794,4088.04,323.36,.,.,
Seward,2015-02-17,February,2015,M162,38,0.0827,0.7635,0.8462,9.7731,0.0074,0.1001,2.7681,0.1075,6.8837,0.107,4063.01,436.77,.,.,
Seward,2015-02-17,February,2015,M163,40,0.1023,0.9989,1.1012,9.2899,0.0105,0.1257,2.1738,0.1362,7.7093,0.1388,4127.47,562.16,.,.,
Seward,2015-02-17,February,2015,M164,41,0.2699,1.3065,1.5764,17.1213,0.0345,0.1673,2.7725,0.2018,17.0961,0.199,4142.81,836.02,.,.,
Seward,2015-02-17,February,2015,M165,30,0.0792,0.6684,0.7476,10.5939,0.008,0.0882,1.852,0.0962,8.316,0.0955,3818.24,367.31,.,.,
Seward,2015-02-17,February,2015,M166,35,0.14,0.6658,0.8058,17.374,0.0183,0.0915,1.8277,0.1098,16.6667,0.1113,4135.41,454.07,.,.,
Seward,2015-02-17,February,2015,M167,35,0.1152,0.8213,0.9365,12.3011,0.0161,0.1193,1.9668,0.1354,11.8907,0.1358,4124.38,558.44,.,.,
Seward,2015-02-17,February,2015,M168,36,0.1204,0.7859,0.9063,13.2848,0.0113,0.1034,2.153,0.1147,9.8518,0.1152,3926.35,450.35,.,.,
Seward,2015-02-17,February,2015,M169,42,0.1346,1.1151,1.2497,10.7706,0.0107,0.105,4.1785,0.1157,9.2481,0.1148,3565.78,412.56,.,.,
Seward,2015-03-21,March,2015,M170,35,0.0706,0.6977,0.7683,9.1891,0.0072,0.09,2.121,0.0972,7.4074,0.0948,4416.88,429.32,.,.,
Seward,2015-03-21,March,2015,M171,33,0.1027,0.6683,0.771,13.3204,0.013,0.0765,1.3394,0.0895,14.5251,0.0881,4252.36,380.59,.,.,
Seward,2015-03-21,March,2015,M172,38,0.1357,0.971,1.1067,12.2617,0.0154,0.117,2.368,0.1324,11.6314,0.1326,4187.31,554.4,.,.,
Seward,2015-03-21,March,2015,M173,38,0.0462,0.6397,0.6859,6.7357,0.0043,0.068,1.4143,0.0723,5.9474,0.0741,4040.21,292.11,.,.,
Seward,2015-03-21,March,2015,M174,41,0.0369,0.7455,0.7824,4.7163,0.0035,0.0733,1.9447,0.0768,4.5573,0.0744,3636.76,279.3,.,.,
Agnes,2015-03-21,March,2015,M175,33,0.1636,0.7314,0.895,18.2793,0.0241,0.0976,1.4871,0.1217,19.8028,0.1217,4340.14,528.2,.,.,
Agnes,2015-03-21,March,2015,M176,34,0.157,0.6812,0.8382,18.7306,0.0201,0.0884,1.6284,0.1085,18.5253,0.1087,4331.99,470.02,.,.,
Agnes,2015-03-21,March,2015,M177,36,0.1999,0.761,0.9609,20.8034,0.0247,0.1032,1.4104,0.1279,19.312,0.1272,4079.74,521.8,.,.,
Agnes,2015-03-21,March,2015,M178,37,0.0442,0.5705,0.6147,7.1905,0.0035,0.0552,1.4078,0.0587,5.9625,0.0617,3886.82,228.16,.,.,
Agnes,2015-03-21,March,2015,M179,39,0.2675,0.9262,1.1937,22.4093,0.0304,0.1053,2.2082,0.1357,22.4024,0.1375,3989.86,541.42,.,.,
Agnes,2015-03-21,March,2015,M180,33,0.0417,0.4094,0.4511,9.2441,0.0032,0.0431,1.1196,0.0463,6.9114,0.0473,3634.67,168.29,.,.,
Agnes,2015-03-21,March,2015,M181,33,0.0361,0.5315,0.5676,6.3601,0.0036,0.0624,1.8483,0.066,5.4545,0.0648,3844.51,253.74,.,.,
Agnes,2015-03-21,March,2015,M182,37,0.1668,0.8626,1.0294,16.2036,0.022,0.1149,1.604,0.1369,16.0701,0.1371,4252.36,582.15,.,.,
Agnes,2015-03-21,March,2015,M183,39,0.2537,1.0051,1.2588,20.1541,0.0308,0.1334,2.123,0.1642,18.7576,0.1598,3997.63,656.41,.,.,
Agnes,2015-03-21,March,2015,M184,43,0.1694,1.0827,1.2521,13.5293,0.0163,0.1235,2.7532,0.1398,11.6595,0.1445,4064.34,568.19,.,.,
Coleman,2015-03-21,March,2015,M185,32,0.0601,0.5884,0.6485,9.2675,0.006,0.0646,1.9593,0.0706,8.4986,0.0709,4046.75,285.7,.,.,
Coleman,2015-03-21,March,2015,M186,34,0.124,0.73,0.854,14.5199,0.0152,0.0843,2.443,0.0995,15.2764,0.099,4387.77,436.58,.,.,
Coleman,2015-03-21,March,2015,M187,35,0.1742,0.6969,0.8711,19.9977,0.02,0.0793,2.6224,0.0993,20.141,0.098,4075.16,404.66,.,.,
Coleman,2015-03-21,March,2015,M188,36,0.0802,0.803,0.8832,9.0806,0.0084,0.0856,2.792,0.094,8.9362,0.0939,4225.11,397.16,.,.,
Coleman,2015-03-21,March,2015,M189,42,0.2059,1.1449,1.3508,15.2428,0.0259,0.1425,2.3456,0.1684,15.38,0.1671,4136.69,696.62,.,.,
Coleman,2015-03-21,March,2015,M190,33,0.0205,0.4342,0.4547,4.5085,0.0018,0.0454,1.4588,0.0472,3.8136,0.0466,3444.58,162.58,.,.,
Coleman,2015-03-21,March,2015,M191,33,0.104,0.6629,0.7669,13.5611,0.011,0.0718,1.8854,0.0828,13.285,0.082,3965.86,328.37,.,.,
Coleman,2015-03-21,March,2015,M192,35,0.255,0.8804,1.1354,22.459,0.0351,0.1116,2.0164,0.1467,23.9264,0.1453,4337.36,636.29,.,.,
Coleman,2015-03-21,March,2015,M193,37,0.2111,0.8388,1.0499,20.1067,0.0288,0.1201,2.2713,0.1489,19.3418,0.1486,4247.96,632.52,.,.,
Coleman,2015-03-21,March,2015,M194,37,0.1351,0.7797,0.9148,14.7683,0.014,0.0985,2.3885,0.1125,12.4444,0.1124,4163.77,468.42,.,.,
Seward,2015-05-21,May,2015,M195,31,0.2529,0.5607,0.8136,31.0841,0.0479,0.0988,.,0.1467,32.6517,0.1438,5195.04,762.11,.,.,
Seward,2015-05-21,May,2015,M196,35,0.4222,0.7371,1.1593,36.4185,0.0635,0.1113,1.5774,0.1748,36.3272,0.171,4638.83,810.87,.,.,
Seward,2015-05-21,May,2015,M197,33,0.3594,0.5141,0.8735,41.1448,0.0618,0.0913,.,0.1531,40.3658,0.1525,4886.65,748.15,.,.,
Seward,2015-05-21,May,2015,M198,31,0.2828,0.4528,0.7356,38.4448,0.0488,0.0847,0.9074,0.1335,36.5543,0.1316,4869.52,650.08,.,.,
Seward,2015-05-21,May,2015,M199,33,0.2911,0.744,1.0351,28.1229,0.0528,0.1145,1.2458,0.1673,31.5601,0.1685,5154.73,862.39,.,.,
Seward,2015-05-21,May,2015,M200,32,0.3055,0.5693,0.8748,34.9223,0.0535,0.0955,1.3789,0.149,35.906,0.1447,4986.93,743.05,.,.,
Seward,2015-05-21,May,2015,M201,32,0.393,0.5156,0.9086,43.2534,0.0712,0.0886,1.2784,0.1598,44.5557,0.1599,5069.72,810.14,.,.,
Seward,2015-05-21,May,2015,M202,33,0.3288,0.6927,1.0215,32.188,0.0594,0.1132,1.3825,0.1726,34.4148,0.1732,4909.48,847.38,.,.,
Seward,2015-05-21,May,2015,M203,30,0.0545,0.3734,0.4279,12.7366,0.009,0.0568,0.7873,0.0658,13.6778,0.0648,4619,303.93,.,.,
Seward,2015-05-21,May,2015,M204,31,0.2323,0.3612,0.5935,39.1407,0.0361,0.058,0.9094,0.0941,38.3634,0.0942,4786.95,450.45,.,.,
Seward,2015-08-13,August,2015,M205,31,0.0837,0.7655,0.8492,9.8563,0.0097,0.0811,1.0453,0.0908,10.6828,0.0919,4563.77,414.39,.,.,
Seward,2015-08-13,August,2015,M206,32,0.1192,0.6179,0.7371,16.1715,0.0172,0.0853,1.3241,0.1025,16.7805,0.1032,4545.82,465.95,.,.,
Seward,2015-08-13,August,2015,M207,32,0.0732,0.5708,0.644,11.3665,0.0107,0.0883,1.4266,0.099,10.8081,0.0982,4638.51,459.21,.,.,
Seward,2015-08-13,August,2015,M208,38,0.1696,1.0668,1.2364,13.7172,0.0234,0.1312,1.4308,0.1546,15.1358,0.1546,.,.,.,.,
Seward,2015-08-13,August,2015,M209,40,0.1752,1.083,1.2582,13.9247,0.0215,0.1213,2.035,0.1428,15.056,.,.,.,.,.,
Seward,2015-09-15,September,2015,M210,38,0.168,1.0918,1.2598,13.3355,.,.,3.0299,.,.,.,.,.,.,.,
Seward,2015-09-15,September,2015,M211,38,0.1022,1.1852,1.2874,7.9385,.,.,2.0698,.,.,.,.,.,.,.,
Seward,2015-09-15,September,2015,M212,35,0.1135,0.8694,0.9829,11.5475,.,.,1.3104,.,.,.,.,.,.,.,
Seward,2015-09-15,September,2015,M213,32,0.1549,0.7688,0.9237,16.7695,.,.,2.052,.,.,.,.,.,.,.,
Seward,2015-09-15,September,2015,M214,35,0.2332,1.0638,1.297,17.98,.,.,2.5609,.,.,.,.,.,.,.,
Seward,2015-04-28,April,2015,M215,34,0.2211,0.7846,1.0057,21.9847,.,.,2.1039,.,.,.,.,.,.,.,
Seward,2015-04-28,April,2015,M216,35,0.2776,0.7565,1.0341,26.8446,.,.,1.2539,.,.,.,.,.,.,.,
Seward,2015-04-28,April,2015,M217,36,0.3658,0.8391,1.2049,30.3594,.,.,2.5589,.,.,.,.,.,.,.,
Seward,2015-04-28,April,2015,M218,35,0.2534,0.7863,1.0397,24.3724,.,.,1.9014,.,.,.,.,.,.,.,
Seward,2015-04-28,April,2015,M219,40,0.1188,0.9219,1.0407,11.4154,.,.,2.0836,.,.,.,.,.,.,.,
Seward,2015-08-13,August,2015,M220,35,0.104,0.7421,0.8461,12.2917,0.0129,0.0993,1.3658,0.1122,11.4973,.,.,.,.,.,
Seward,2015-08-13,August,2015,M221,34,0.1454,0.65,0.7954,18.2801,0.0188,0.0934,1.3312,0.1122,16.7558,.,.,.,.,.,
Seward,2015-08-13,August,2015,M222,34,0.0959,0.6779,0.7738,12.3934,0.0117,0.1064,1.0377,0.1181,9.9069,0.1138,.,.,.,.,
Seward,2015-08-13,August,2015,M223,35,0.1221,0.6721,0.7942,15.374,0.0117,0.0898,1.4532,0.1015,11.5271,0.0907,4526.88,459.48,.,.,
Seward,2015-09-15,September,2015,M224,30,0.1488,0.4125,0.5613,26.5099,.,.,1.3182,.,.,0.0745,.,.,.,.,
Seward,2015-09-15,September,2015,M225,29,0.1546,0.4837,0.6383,24.2206,.,.,1.4481,.,.,0.0919,.,.,.,.,
Seward,2015-09-15,September,2015,M226,30,0.1499,0.4162,0.5661,26.4794,.,.,1.0787,.,.,0.0777,.,.,.,.,
Seward,2015-09-15,September,2015,M227,35,0.2485,0.8674,1.1159,22.269,.,.,2.0354,.,.,0.1839,.,.,.,.,
Seward,2015-09-15,September,2015,M228,31,0.0888,0.6679,0.7567,11.7352,0.0149,0.0961,1.5809,0.111,13.4118,0.0918,4324.17,479.94,.,.,"Sample was not weighed after freeze drying. Dry mass values were generated using linear regression coefficients from other samples (n=351): DrySomaticMass=0.11083344*WetSomaticMass+0.02207937, DryGonadicMass=0.1730104234*WetGonadicMass-0.0004774407"
Seward,2015-03-21,March,2015,M229,36,0.0892,0.4105,0.4997,17.8507,0.0067,0.0441,2.656,0.0508,13.189,0.0521,.,.,.,.,
Seward,2015-03-21,March,2015,M230,36,0.0976,0.5001,0.5977,16.3293,0.0099,0.0638,1.9582,0.0737,13.4328,0.0735,.,.,.,.,
Seward,2015-03-21,March,2015,M231,34,0.0232,0.3873,0.4105,5.6516,0.0025,0.0492,1.5572,0.0517,4.8356,0.0513,.,.,.,.,
Seward,2015-03-21,March,2015,M232,37,0.0861,0.6322,0.7183,11.9866,0.0074,0.066,2.2635,0.0734,10.0817,0.063,.,.,.,.,
Seward,2015-03-21,March,2015,M233,32,0.1357,0.6904,0.8261,16.4266,0.0206,0.099,1.6984,0.1196,17.2241,.,.,.,.,.,
Coleman,2015-08-13,August,2015,M234,31,0.0464,0.4469,0.4933,9.406,0.0039,0.0543,1.5218,0.0582,6.701,0.0262,4252.77,247.51,.,.,
Coleman,2015-08-13,August,2015,M235,35,0.0611,0.49,0.5511,11.0869,0.0075,0.0666,1.2348,0.0741,10.1215,0.0978,5673.38,420.4,.,.,
Coleman,2015-08-13,August,2015,M236,35,0.0299,0.4661,0.496,6.0282,0.0026,0.0598,1.1379,0.0624,4.1667,0.0624,.,.,.,.,
Coleman,2015-08-13,August,2015,M237,34,0.062,0.6803,0.7423,8.3524,0.0066,0.0884,1.3115,0.095,6.9474,0.0874,4285.96,407.17,.,.,
Coleman,2015-08-13,August,2015,M238,25,0.0099,0.2793,0.2892,3.4232,0.0016,0.0355,0.47,0.0371,4.3127,0.0271,4390.46,162.89,.,.,
Coleman,2015-08-13,August,2015,M239,31,0.0674,0.5292,0.5966,11.2974,0.006,0.0618,0.9189,0.0678,8.8496,0.0622,4400.95,298.38,.,.,
Coleman,2015-08-13,August,2015,M240,32,0.0545,0.5014,0.5559,9.8039,0.0057,0.0606,1.0873,0.0663,8.5973,0.0644,4307.97,285.62,.,.,
Coleman,2015-08-13,August,2015,M241,32,0.0586,0.435,0.4936,11.872,0.0051,0.0527,1.2134,0.0578,8.8235,0.0515,4506.94,260.5,.,.,
Coleman,2015-08-13,August,2015,M242,32,0.0252,0.4517,0.4769,5.2841,0.0035,0.0577,0.9081,0.0612,5.719,0.053,4200.92,257.1,.,.,
Coleman,2015-08-13,August,2015,M243,32,0.0501,0.521,0.5711,8.7725,0.0023,0.0519,1.1386,0.0542,4.2435,0.05,4368.28,236.76,.,.,
Seward,2015-07-14,July,2015,M244,33,0.0904,0.5563,0.6467,13.9787,0.0078,0.0687,1.1865,0.0765,10.1961,0.0618,4735.65,362.28,.,.,
Seward,2015-07-14,July,2015,M245,33,0.1312,0.659,0.7902,16.6034,0.0123,0.0803,1.3392,0.0926,13.2829,0.0823,4833.4,447.57,.,.,
Seward,2015-07-14,July,2015,M246,40,0.1102,0.9311,1.0413,10.5829,0.0091,0.1056,2.0546,0.1147,7.9337,0.0985,4771.53,547.29,.,.,
Seward,2015-07-14,July,2015,M247,29,0.0351,0.3646,0.3997,8.7816,0.0033,0.0468,0.9405,0.0501,6.5868,0.0453,4883.19,244.65,.,.,
Seward,2015-07-14,July,2015,M248,37,0.1366,0.7442,0.8808,15.5086,0.0161,0.0875,1.6063,0.1036,15.5405,0.0931,4729.13,489.94,.,.,
Agnes,2015-07-14,July,2015,M249,37,0.076,0.8152,0.8912,8.5278,0.0058,0.0794,2.4325,0.0852,6.8075,0.0711,4336.87,369.5,4.1,13.57,
Agnes,2015-07-14,July,2015,M250,42,0.2553,1.1333,1.3886,18.3854,0.0153,0.1194,3.6964,0.1347,11.3586,0.1214,4666.97,628.64,5.7,9.89,
Agnes,2015-07-14,July,2015,M251,43,0.1708,1.1594,1.3302,12.8402,0.0115,0.1446,4.525,0.1561,7.3671,0.1458,4600.58,718.15,5,11.5,
Agnes,2015-07-14,July,2015,M252,33,0.0614,0.5756,0.637,9.6389,0.0055,0.0725,2.0891,0.078,7.0513,0.0615,4235.35,330.36,3.4,15.18,
Agnes,2015-07-14,July,2015,M253,39,0.106,0.912,1.018,10.4126,0.011,0.1087,1.7515,0.1197,9.1896,0.1092,4592.54,549.73,2.3,17.71,
Seward,2015-04-28,April,2015,M254,37,0.1649,0.5951,0.76,21.6974,0.016,0.1087,1.83,0.1247,12.8308,0.0897,4602.14,573.89,2.1,18.17,
Seward,2015-04-28,April,2015,M255,34,0.0737,0.5642,0.6379,11.5535,0.0065,0.0761,1.1606,0.0826,7.8692,0.072,4245.93,350.71,3.5,14.95,
Seward,2015-04-28,April,2015,M256,35,0.079,0.576,0.655,12.0611,0.0082,0.0672,1.6525,0.0754,10.8753,0.0678,4495.38,338.95,5.5,10.35,
Seward,2015-04-28,April,2015,M257,34,0.101,0.6061,0.7071,14.2837,0.0119,0.091,1.7634,0.1029,11.5646,0.088,4634.73,476.91,1.1,20.47,
Seward,2015-04-28,April,2015,M258,30,0.1006,0.4606,0.5612,17.9259,0.0104,0.0627,0.9812,0.0731,14.2271,0.056,4158.76,304.01,4,13.8,
Seward,2015-07-14,July,2015,M259,35,0.2069,0.6449,0.8518,24.2897,0.0357,0.0827,1.9812,0.1184,30.152,0.1049,4375.19,518.02,4.2,13.34,
Seward,2015-07-14,July,2015,M260,32,0.277,0.7135,0.9905,27.9657,0.0499,0.0511,2.9812,0.101,49.4059,0.1432,4469.85,451.45,4,13.8,
Seward,2015-07-14,July,2015,M261,34,0.365,0.7878,1.1528,31.662,0.0545,0.1231,3.9812,0.1776,30.6869,0.153,4378.58,777.64,3.6,14.72,
Seward,2015-07-14,July,2015,M262,37,0.1512,0.6526,0.8038,18.8106,0.033,0.1111,2.2783,0.1441,22.9008,0.1357,4638.1,668.35,6.3,8.51,
Seward,2015-07-14,July,2015,M263,34,0.3047,0.6177,0.9224,33.0334,0.0532,0.116,2.1006,0.1692,31.4421,0.1532,4542.44,768.58,2.5,17.25,
Agnes,2015-07-14,July,2015,M264,36,0.075,0.5787,0.6537,11.4732,0.0114,0.1009,2.0861,0.1123,10.1514,0.0982,4720.2,530.08,.,.,
Agnes,2015-07-14,July,2015,M265,35,0.0835,0.4695,0.553,15.0995,0.0128,0.0743,2.7511,0.0871,14.6958,0.0723,4770.66,415.52,.,.,
Agnes,2015-07-14,July,2015,M266,35,0.2364,0.5348,0.7712,30.6535,0.0236,0.0741,2.5851,0.0977,24.1556,0.0844,4511.2,440.74,.,.,
Agnes,2015-07-14,July,2015,M267,32,0.0146,0.3559,0.3705,3.9406,0.0016,0.0488,2.2415,0.0504,3.1746,0.0415,4496.11,226.6,.,.,
Agnes,2015-07-14,July,2015,M268,31,0.0395,0.3306,0.3701,10.6728,0.0047,0.0496,1.72,0.0543,8.6556,0.0429,4580.8,248.74,.,.,
Agnes,2015-07-14,July,2015,M269,33,0.0362,0.4854,0.5216,6.9402,0.0042,0.0639,2.1232,0.0681,6.1674,0.0557,4520.44,307.84,.,.,
Agnes,2015-07-14,July,2015,M270,36,0.0603,0.5673,0.6276,9.608,0.0072,0.0784,1.7883,0.0856,8.4112,0.0695,4706.24,402.85,.,.,
Agnes,2015-07-14,July,2015,M271,38,0.0698,0.6,0.6698,10.421,0.0095,0.0901,2.4812,0.0996,9.5382,0.0841,4771.86,475.28,.,.,
Agnes,2015-07-14,July,2015,M272,37,0.0706,0.6099,0.6805,10.3747,0.0113,0.0862,1.8925,0.0975,11.5897,0.0794,4591.34,447.66,.,.,
Agnes,2015-07-14,July,2015,M273,35,0.0378,0.5578,0.5956,6.3465,0.0053,0.0841,2.4329,0.0894,5.9284,0.0697,4689.46,419.24,.,.,
Agnes,2015-07-14,July,2015,M274,32,0.0471,0.4268,0.4739,9.9388,0.0071,0.0607,1.5719,0.0678,10.472,0.0564,4207.09,285.24,4,13.8,
Agnes,2015-07-14,July,2015,M275,29,0.0101,0.3112,0.3213,3.1435,0.0019,0.0391,1.0491,0.041,4.6341,0.0298,3358.88,137.71,.,.,
Agnes,2015-07-14,July,2015,M276,40,0.1643,0.785,0.9493,17.3075,0.0234,0.0993,2.4803,0.1227,19.0709,0.1075,4782.36,586.8,.,.,
Agnes,2015-07-14,July,2015,M277,33,0.0564,0.5424,0.5988,9.4188,0.0081,0.0838,2.1336,0.0919,8.8139,0.08,4291.72,394.41,5.8,9.66,
Agnes,2015-07-14,July,2015,M278,33,0.0605,0.3275,0.388,15.5928,0.009,0.0444,1.4256,0.0534,16.8539,0.0426,4826.64,257.74,4,13.8,
Seward,2014-04-28,April,2014,M279,36,0.1562,0.5404,0.6966,22.4232,0.0429,0.1017,2.5473,0.1446,29.668,0.1313,4785.87,692.04,.,.,
Seward,2014-04-28,April,2014,M280,36,0.3282,0.7229,1.0511,31.2244,0.0803,0.1389,2.4848,0.2192,36.6332,0.2134,4717.4,1034.05,2.4,17.48,
Seward,2014-04-28,April,2014,M281,30,0.2404,0.4414,0.6818,35.2596,0.0624,0.1063,1.7669,0.1687,36.9887,0.1646,4749.87,801.3,3.4,15.18,
Seward,2014-04-28,April,2014,M282,38,0.215,0.6604,0.8754,24.5602,0.0478,0.1212,1.916,0.169,28.284,0.1619,4697.04,793.8,1.9,18.63,
Seward,2014-04-28,April,2014,M283,33,0.2666,0.409,0.6756,39.4612,0.0637,0.0815,1.7499,0.1452,43.8705,0.1325,4799.58,696.9,3.2,15.64,
Seward,2014-04-28,April,2014,M284,36,0.1952,0.3475,0.5427,35.9683,0.0465,0.0842,1.1264,0.1307,35.5777,0.1276,4576.4,598.14,5.5,10.35,
Seward,2014-04-28,April,2014,M285,31,0.3259,0.6721,0.998,32.6553,0.0753,0.1412,1.4407,0.2165,34.7806,0.1696,4627.73,1001.9,3.3,15.41,
Seward,2014-04-28,April,2014,M286,38,0.1509,0.3731,0.524,28.7977,0.0371,0.0829,2.6037,0.12,30.9167,0.1051,4545.74,545.49,3.8,14.26,
Seward,2014-04-28,April,2014,M287,36,0.3191,0.4801,0.7992,39.9274,0.0634,0.1058,2.0189,0.1692,37.4704,0.151,4365.54,738.65,3.1,15.87,
Seward,2014-04-28,April,2014,M288,29,0.185,0.309,0.494,37.4494,0.0446,0.0726,1.0948,0.1172,38.0546,0.1073,4430.2,519.22,3.2,15.64,
Seward,2014-04-28,April,2014,M289,27,0.119,0.3215,0.4405,27.0148,0.0256,0.0703,0.8878,0.0959,26.6945,0.0821,4264,408.92,3,16.1,
Seward,2014-04-28,April,2014,M290,29,0.2346,0.3435,0.5781,40.5812,0.0443,0.0674,1.2854,0.1117,39.6598,0.1012,4303.14,480.66,2.6,17.02,
Seward,2014-04-28,April,2014,M291,25,0.078,0.2497,0.3277,23.8023,0.0266,0.0761,0.7688,0.1027,25.9007,0.0979,4261.81,437.69,3.5,14.95,
Seward,2014-04-28,April,2014,M292,29,0.2522,0.3695,0.6217,40.5662,0.0601,0.0818,1.2538,0.1419,42.3538,0.1322,4307.67,611.26,3.1,15.87,
Seward,2014-04-28,April,2014,M293,25,0.0681,0.2272,0.2953,23.0613,0.0301,0.0711,.,0.1012,29.7431,0.0926,4324.64,437.65,3.4,15.18,
Agnes,2015-07-14,July,2015,M294,28,0.1941,0.2724,0.4665,41.6077,0.0522,0.0585,0.6094,0.1107,47.1545,0.1072,4400.77,487.17,2.5,17.25,
Agnes,2015-07-14,July,2015,M295,34,0.1141,0.2485,0.3626,31.4672,0.0342,0.0659,1.7296,0.1001,34.1658,0.0966,3746.68,375.04,3.8,14.26,
Agnes,2015-07-14,July,2015,M296,29,0.1116,0.2865,0.3981,28.0332,0.0224,0.0527,0.6948,0.0751,29.8269,0.0701,4288.76,322.09,3.2,15.64,
Agnes,2015-07-14,July,2015,M297,36,0.1516,0.4758,0.6274,24.1632,0.0281,0.0766,1.9831,0.1047,26.8386,0.0971,4083.13,427.5,5.1,11.27,
Agnes,2015-07-14,July,2015,M298,28,0.1016,0.2437,0.3453,29.4237,0.0213,0.0447,1.1437,0.066,32.2727,0.06,4003.59,264.24,5.1,11.27,
Agnes,2015-07-14,July,2015,M299,30,0.0507,0.2828,0.3335,15.2024,0.01,0.0511,1.3635,0.0611,16.3666,.,.,.,.,.,
Agnes,2015-07-14,July,2015,M300,29,0.1195,0.2859,0.4054,29.4771,0.028,0.0547,0.9964,0.0827,33.8573,0.077,4078.16,337.26,3.9,14.03,
Agnes,2015-07-14,July,2015,M301,31,0.0655,0.2778,0.3433,19.0795,0.0112,0.054,1.0304,0.0652,17.1779,0.0612,4276.04,278.8,3.6,14.72,
Agnes,2015-07-14,July,2015,M302,29,0.144,0.1609,0.3049,47.2286,0.0279,0.0298,0.4869,0.0577,48.3536,.,.,.,.,.,
Agnes,2015-07-14,July,2015,M303,29,0.0969,0.1832,0.2801,34.5948,0.0159,0.028,1.2457,0.0439,36.2187,0.0348,4128.09,181.22,3.7,14.49,
Agnes,2015-07-14,July,2015,M304,29,0.0581,0.2513,0.3094,18.7783,0.0187,0.0512,0.8442,0.0699,26.7525,.,.,.,.,.,
Agnes,2015-07-14,July,2015,M305,28,0.0352,0.1964,0.2316,15.1986,0.0072,0.0315,.,0.0387,18.6047,.,.,.,.,.,
Agnes,2015-07-14,July,2015,M306,29,0.0349,0.2139,0.2488,14.0273,0.0092,0.0367,1.0921,0.0459,20.0436,.,.,.,.,.,
Agnes,2015-07-14,July,2015,M307,26,0.0468,0.2146,0.2614,17.9036,0.0112,0.0314,0.4441,0.0426,26.2911,.,.,.,.,.,
Agnes,2015-07-14,July,2015,M308,30,0.1343,0.4114,0.5457,24.6106,0.0309,0.0801,1.4126,0.111,27.8378,.,.,.,.,.,
Agnes,2015-07-14,July,2015,M309,28,0.0471,0.1988,0.2459,19.1541,0.012,0.0344,0.554,0.0464,25.8621,.,.,.,.,.,
Agnes,2015-07-14,July,2015,M310,30,0.0732,0.205,0.2782,26.312,0.0168,0.0386,0.7763,0.0554,30.3249,.,.,.,.,.,
Agnes,2015-07-14,July,2015,M311,25,0.0391,0.1806,0.2197,17.797,0.0099,0.0398,1.0523,0.0497,19.9195,.,.,.,.,.,
Agnes,2015-05-15,May,2015,M312,37,0.2089,0.4678,0.6767,30.8704,0.03,0.0702,0.9841,0.1002,29.9681,0.1508,4641.72,465.18,2.8,16.56,
Agnes,2015-05-15,May,2015,M313,36,0.1242,0.3766,0.5008,24.8003,0.0179,0.0565,1.3477,0.0744,24.0138,0.0955,4410.8,327.98,3,16.1,
Agnes,2015-05-15,May,2015,M314,36,0.1435,0.3599,0.5034,28.5062,0.0206,0.054,1.0731,0.0746,27.6453,0.1028,4509.19,336.51,4.5,12.65,
Agnes,2015-05-15,May,2015,M315,34,0.0948,0.3089,0.4037,23.4828,0.0267,0.0664,0.8435,0.0931,28.6788,0.0808,4437.42,413.12,3.4,15.18,
Agnes,2015-05-15,May,2015,M316,43,0.1746,0.5726,0.7472,23.3672,0.0559,0.1493,1.6496,0.2052,27.2417,0.1817,4612.16,946.42,3.9,14.03,
Agnes,2015-05-15,May,2015,M317,36,0.0918,0.3762,0.468,19.6154,0.0244,0.079,0.9306,0.1034,23.5977,0.0934,4530.16,468.42,4,13.8,
Agnes,2015-05-15,May,2015,M318,38,0.1132,0.3714,0.4846,23.3595,0.0275,0.0752,1.2926,0.1027,26.777,0.0897,4765.62,489.43,2.4,17.48,
Agnes,2015-05-15,May,2015,M319,36,0.0961,0.292,0.3881,24.7617,0.0348,0.0738,1.0259,0.1086,32.0442,0.0975,4593.51,498.86,3.1,15.87,
Agnes,2015-05-15,May,2015,M320,45,0.2195,0.6007,0.8202,26.7618,0.0616,0.1296,1.8482,0.1912,32.2176,0.1805,4670.05,892.91,4.4,12.88,
Agnes,2015-05-15,May,2015,M321,37,0.1001,0.3736,0.4737,21.1315,0.0297,0.0853,1.3747,0.115,25.8261,0.1078,4554.34,523.75,3.8,14.26,
Agnes,2015-08-13,August,2015,M322,32,0.0386,0.2346,0.2732,14.1288,0.0062,0.0481,1.3042,0.0543,11.4233,0.0411,4013.02,217.83,3,16.1,"Sample was not weighed after freeze drying. Dry mass values were generated using linear regression coefficients from other samples (n=351): DrySomaticMass=0.11083344*WetSomaticMass+0.02207937, DryGonadicMass=0.1730104234*WetGonadicMass-0.0004774407"
Agnes,2015-08-13,August,2015,M323,31,0.0199,0.2998,0.3197,6.2246,0.003,0.0553,1.6159,0.0583,5.0889,0.045,5002.89,291.53,2,18.4,"Sample was not weighed after freeze drying. Dry mass values were generated using linear regression coefficients from other samples (n=351): DrySomaticMass=0.11083344*WetSomaticMass+0.02207937, DryGonadicMass=0.1730104234*WetGonadicMass-0.0004774407"
Agnes,2015-08-13,August,2015,M324,37,0.1023,0.4021,0.5044,20.2815,0.0172,0.0666,2.1608,0.0839,20.5343,0.0664,4295.64,360.26,3.1,15.87,"Sample was not weighed after freeze drying. Dry mass values were generated using linear regression coefficients from other samples (n=351): DrySomaticMass=0.11083344*WetSomaticMass+0.02207937, DryGonadicMass=0.1730104234*WetGonadicMass-0.0004774407"
Agnes,2015-08-13,August,2015,M325,39,0.2102,0.4415,0.6517,32.2541,0.0359,0.071,1.8428,0.1069,33.5723,0.0978,5673.38,606.49,3,16.1,"Sample was not weighed after freeze drying. Dry mass values were generated using linear regression coefficients from other samples (n=351): DrySomaticMass=0.11083344*WetSomaticMass+0.02207937, DryGonadicMass=0.1730104234*WetGonadicMass-0.0004774407"
Agnes,2015-08-13,August,2015,M326,35,0.0738,0.2645,0.3383,21.815,0.0123,0.0514,2.5814,0.0637,19.2991,0.0497,4114.1,262.01,5.1,11.27,"Sample was not weighed after freeze drying. Dry mass values were generated using linear regression coefficients from other samples (n=351): DrySomaticMass=0.11083344*WetSomaticMass+0.02207937, DryGonadicMass=0.1730104234*WetGonadicMass-0.0004774407"
Agnes,2015-08-13,August,2015,M327,37,0.1349,0.4197,0.5546,24.3238,0.0229,0.0686,1.9763,0.0915,24.9969,0.0725,5351.86,489.47,2.6,17.02,"Sample was not weighed after freeze drying. Dry mass values were generated using linear regression coefficients from other samples (n=351): DrySomaticMass=0.11083344*WetSomaticMass+0.02207937, DryGonadicMass=0.1730104234*WetGonadicMass-0.0004774407"
Agnes,2015-08-13,August,2015,M328,33,0.0738,0.3192,0.393,18.7786,0.0123,0.0575,1.8695,0.0697,17.6216,0.0509,5286.4,368.72,4.9,11.73,"Sample was not weighed after freeze drying. Dry mass values were generated using linear regression coefficients from other samples (n=351): DrySomaticMass=0.11083344*WetSomaticMass+0.02207937, DryGonadicMass=0.1730104234*WetGonadicMass-0.0004774407"
Agnes,2015-08-13,August,2015,M329,30,0.0604,0.2481,0.3085,19.5786,0.01,0.0496,1.3469,0.0595,16.7464,0.0472,4550.47,270.98,2.4,17.48,"Sample was not weighed after freeze drying. Dry mass values were generated using linear regression coefficients from other samples (n=351): DrySomaticMass=0.11083344*WetSomaticMass+0.02207937, DryGonadicMass=0.1730104234*WetGonadicMass-0.0004774407"
Agnes,2015-08-13,August,2015,M330,34,0.0367,0.4312,0.4679,7.8436,0.0059,0.0699,2.3662,0.0757,7.7526,0.0412,5340.61,404.51,2,18.4,"Sample was not weighed after freeze drying. Dry mass values were generated using linear regression coefficients from other samples (n=351): DrySomaticMass=0.11083344*WetSomaticMass+0.02207937, DryGonadicMass=0.1730104234*WetGonadicMass-0.0004774407"
Agnes,2015-08-13,August,2015,M331,29,0.0851,0.2811,0.3662,23.2387,0.0142,0.0532,1.2644,0.0675,21.1109,0.0505,5321.18,359.08,2.9,16.33,"Sample was not weighed after freeze drying. Dry mass values were generated using linear regression coefficients from other samples (n=351): DrySomaticMass=0.11083344*WetSomaticMass+0.02207937, DryGonadicMass=0.1730104234*WetGonadicMass-0.0004774407"
Agnes,2015-09-15,September,2015,M332,33,0.1065,0.2597,0.3662,29.0825,0.0136,0.0424,1.3787,0.056,24.2857,0.0502,4539.23,254.2,4.3,13.11,
Agnes,2015-09-15,September,2015,M333,33,0.0895,0.2335,0.323,27.709,0.0121,0.0447,1.6656,0.0568,21.3028,0.0525,5343.58,303.52,4.2,13.34,
Agnes,2015-09-15,September,2015,M334,33,0.1239,0.4153,0.5392,22.9785,0.0185,0.0782,2.1506,0.0967,19.1313,0.0742,5385.84,520.81,3.4,15.18,
Agnes,2015-09-15,September,2015,M335,37,0.2297,0.4214,0.6511,35.2788,0.0294,0.0713,3.1487,0.1007,29.1956,0.0921,5770.39,581.08,4.1,13.57,
Agnes,2015-09-15,September,2015,M336,33,0.1093,0.3011,0.4104,26.6326,0.0156,0.0534,2.4546,0.069,22.6087,0.0606,5730.25,395.39,3.4,15.18,
Agnes,2015-09-15,September,2015,M337,36,0.1777,0.5233,0.701,25.3495,0.0255,0.0965,2.8357,0.122,20.9016,0.1111,5641.22,688.23,4,13.8,
Agnes,2015-09-15,September,2015,M338,32,0.1165,0.2636,0.3801,30.6498,0.0183,0.0537,1.617,0.072,25.4167,0.0621,4731.7,340.68,2.8,16.56,
Agnes,2015-09-15,September,2015,M339,34,0.2201,0.3373,0.5574,39.4869,0.0326,0.0649,1.8215,0.0975,33.4359,0.0901,4876.26,475.44,6.2,8.74,
Agnes,2015-09-15,September,2015,M340,35,0.1561,0.303,0.4591,34.0013,0.0241,0.0621,1.8512,0.0862,27.9582,0.0704,5989.2,516.27,3.9,14.03,
Agnes,2014-04-28,April,2014,M340b,35,0.0845,0.3725,0.457,18.4902,0.0202,0.1259,1.7373,0.1461,13.8261,0.1271,3318.14,484.78,3.1,15.87,
Agnes,2015-09-15,September,2015,M341,31,0.1061,0.239,0.3451,30.7447,0.0177,0.0501,1.8294,0.0678,26.1062,0.0587,4690.79,318.04,3.5,14.95,
Agnes,2014-04-28,April,2014,M341b,36,0.232,0.6175,0.8495,27.3102,0.0643,0.1322,2.0298,0.1965,32.7226,0.1651,3825.5,751.71,6,9.2,
Agnes,2014-04-28,April,2014,M342,35,0.0573,0.2695,0.3268,17.5337,0.0167,0.0673,1.9563,0.084,19.881,0.0588,3742.02,314.33,2.9,16.33,
Agnes,2014-04-28,April,2014,M343,30,0.0598,0.2319,0.2917,20.5005,0.0291,0.1043,1.3391,0.1334,21.8141,0.1044,3652.4,487.23,4.1,13.57,
Agnes,2014-04-28,April,2014,M344,37,0.0808,0.2573,0.3381,23.8983,0.0375,0.1094,1.7007,0.1469,25.5276,0.1173,3691.33,542.26,3.9,14.03,
Agnes,2014-04-28,April,2014,M345,34,0.0281,0.3859,0.414,6.7874,0.0105,0.0996,1.4813,0.1101,9.5368,0.0857,3370.58,371.1,3.3,15.41,
Agnes,2014-04-28,April,2014,M346,33,0.1172,0.348,0.4652,25.1935,0.0308,0.0871,2.2721,0.1179,26.1238,0.0993,3580.5,422.14,5.2,11.04,
Agnes,2015-04-28,April,2015,M350,31,0.1374,0.3166,0.454,30.2643,0.0334,0.0533,1.3603,0.0867,38.5236,0.0791,4695.37,407.09,4.4,12.88,
Agnes,2015-04-28,April,2015,M351,30,0.1059,0.2309,0.3368,31.443,0.0172,0.0353,1.2229,0.0525,32.7619,0.0472,4166.72,218.75,3.6,14.72,
Agnes,2015-04-28,April,2015,M352,28,0.0848,0.2226,0.3074,27.5862,0.0194,0.0397,0.6281,0.0591,32.8257,0.0529,4430.14,261.82,2.7,16.79,
Agnes,2015-04-28,April,2015,M353,32,0.1627,0.2022,0.3649,44.5876,0.0251,0.0313,1.603,0.0564,44.5035,0.0514,4332.88,244.37,3.5,14.95,
Agnes,2015-04-28,April,2015,M354,36,0.1401,0.5906,0.7307,19.1734,0.0507,0.115,2.2863,0.1657,30.5975,0.1583,4882.14,808.97,3.5,14.95,
Agnes,2015-04-28,April,2015,M355,42,0.2994,0.5002,0.7996,37.4437,0.0868,0.0896,3.2863,0.1764,49.2063,0.1678,4903.81,865.03,3.1,15.87,
Agnes,2015-04-28,April,2015,M356,30,0.1568,0.1772,0.334,46.9461,0.0243,0.0312,4.2863,0.0555,43.7838,0.0488,3859.75,214.22,3.3,15.41,
Agnes,2015-04-28,April,2015,M357,26,0.145,0.3,0.445,32.5843,0.0313,0.0483,5.2863,0.0796,39.3216,0.0716,4572.9,364,3.6,14.72,
Agnes,2015-04-28,April,2015,M358,26,0.0781,0.1469,0.225,34.7111,0.0149,0.0241,6.2863,0.039,38.2051,0.0317,4241.57,165.42,3.2,15.64,
Agnes,2015-04-28,April,2015,M359,30,0.1988,0.2486,0.4474,44.4345,0.0456,0.0476,7.2863,0.0932,48.927,0.0859,4785.14,445.98,3.7,14.49,
Coleman,2015-03-21,March,2015,M360,30,0.0991,0.2478,0.3469,28.5673,0.0241,0.0408,8.2863,0.0649,37.1341,0.0477,4076.61,264.57,2.4,17.48,
Coleman,2015-03-21,March,2015,M361,34,0.1846,0.2163,0.4009,46.0464,0.0314,0.0362,2.5366,0.0676,46.4497,0.0551,4307.16,291.16,3.3,15.41,
Coleman,2015-03-21,March,2015,M362,30,0.1398,0.3388,0.4786,29.2102,0.0283,0.0529,2.1492,0.0812,34.8522,0.0717,4461.15,362.25,6.2,8.74,
Coleman,2015-03-21,March,2015,M363,33,0.1671,0.2531,0.4202,39.7668,0.0347,0.0441,1.5488,0.0788,44.0355,0.0695,4232.71,333.54,.,.,
Coleman,2015-03-21,March,2015,M364,30,0.2167,0.2804,0.4971,43.5928,0.0348,0.044,1.3698,0.0788,44.1624,0.0631,4235.13,333.73,4,13.8,
Coleman,2015-03-21,March,2015,M365,38,0.1776,0.3162,0.4938,35.966,0.0315,0.0531,2.4614,0.0846,37.234,0.0782,4462.48,377.53,3.8,14.26,
Coleman,2015-03-21,March,2015,M366,36,0.2225,0.426,0.6485,34.3099,0.0474,0.0769,1.5701,0.1243,38.1335,0.1092,4328.95,538.09,3.3,15.41,
Coleman,2015-03-21,March,2015,M367,32,0.0998,0.3108,0.4106,24.3059,0.0189,0.0523,1.4355,0.0712,26.5449,0.0586,4267.83,303.87,3.1,15.87,
Coleman,2015-03-21,March,2015,M368,26,0.0262,0.1762,0.2024,12.9447,0.0067,0.0301,1.0794,0.0368,18.2065,0.0291,3655.63,134.53,3.7,14.49,
Coleman,2015-03-21,March,2015,M369,27,0.1195,0.2164,0.3359,35.5761,0.0232,0.0359,0.7688,0.0591,39.2555,0.0496,4048.86,239.29,3.6,14.72,
Coleman,2015-09-15,September,2015,M370,31,0.043,0.2288,0.2718,15.8205,0.0091,0.0402,1.3699,0.0493,18.4584,0.0425,4293.07,211.65,4.1,13.57,
Coleman,2015-09-15,September,2015,M371,31,0.0453,0.2303,0.2756,16.4369,0.0104,0.0442,1.8374,0.0546,19.0476,0.0469,4135.04,225.77,5.1,11.27,
Coleman,2015-09-15,September,2015,M372,33,0.0412,0.264,0.3052,13.4993,0.013,0.0544,1.8643,0.0674,19.2878,0.0576,4486.33,302.38,2.5,17.25,
Coleman,2015-09-15,September,2015,M373,29,0.0265,0.1859,0.2124,12.4765,0.0064,0.0318,2.0546,0.0382,16.7539,0.031,3846.74,146.95,5.1,11.27,
Coleman,2015-09-15,September,2015,M374,28,0.0277,0.1656,0.1933,14.3301,0.0082,0.0326,1.0055,0.0408,20.098,0.0248,3427.17,139.83,3.3,15.41,
Coleman,2015-09-15,September,2015,M375,33,0.0508,0.2743,0.3251,15.626,0.0133,0.0529,1.8876,0.0662,20.0906,0.0549,4445.96,294.32,5.7,9.89,
Coleman,2015-09-15,September,2015,M376,30,0.0431,0.1759,0.219,19.6804,0.0117,0.0322,1.3421,0.0439,26.6515,0.0329,3968.78,174.23,3.5,14.95,
Coleman,2015-09-15,September,2015,M377,28,0.0256,0.1847,0.2103,12.1731,0.0082,0.0334,1.2173,0.0416,19.7115,0.0311,3957.64,164.64,3.6,14.72,
Coleman,2015-09-15,September,2015,M378,29,0.0238,0.1608,0.1846,12.8927,0.0071,0.03,1.0981,0.0371,19.1375,0.0293,3773.72,140.01,5,11.5,
Coleman,2015-09-15,September,2015,M379,29,0.0446,0.2502,0.2948,15.1289,0.0102,0.0429,0.935,0.0531,19.209,0.0425,4279.49,227.24,3.9,14.03,
Coleman,2015-07-14,July,2015,M380,31,0.0743,0.2572,0.3315,22.4133,0.0177,0.0444,1.4459,0.0621,28.5024,0.0544,4517.68,280.55,3.5,14.95,
Coleman,2015-07-14,July,2015,M381,31,0.1091,0.2529,0.362,30.1381,0.0202,0.0414,0.6196,0.0616,32.7922,0.053,4719.14,290.7,3.2,15.64,
Coleman,2015-07-14,July,2015,M382,35,0.1062,0.3165,0.4227,25.1242,0.0176,0.0422,1.1942,0.0598,29.4314,0.0499,4533.56,271.11,3.3,15.41,
Coleman,2015-07-14,July,2015,M383,32,0.1499,0.222,0.3719,40.3065,0.0234,0.038,1.2382,0.0614,38.1107,0.0532,4591.5,281.92,4,13.8,
Coleman,2015-07-14,July,2015,M384,29,0.1044,0.1822,0.2866,36.4271,0.0219,0.0313,1.6168,0.0532,41.1654,0.0458,4284.81,227.95,3.1,15.87,
Coleman,2015-07-14,July,2015,M385,38,0.2324,0.4853,0.7177,32.3812,0.0484,0.0761,2.0153,0.1245,38.8755,0.1116,4698.61,584.98,2.5,17.25,
Coleman,2015-07-14,July,2015,M386,33,0.1382,0.3347,0.4729,29.2239,0.0268,0.0518,1.9782,0.0786,34.0967,0.0733,4793.85,376.8,3.5,14.95,
Coleman,2015-07-14,July,2015,M387,32,0.1891,0.3854,0.5745,32.9156,0.0377,0.0669,1.2327,0.1046,36.0421,0.0852,4640.87,485.44,3.7,14.49,
Coleman,2015-07-14,July,2015,M388,31,0.0926,0.2527,0.3453,26.8173,0.0166,0.0395,1.5399,0.0561,29.59,0.0434,4196,235.4,.,.,
Coleman,2015-07-14,July,2015,M389,39,0.2196,0.3959,0.6155,35.6783,0.0361,0.0705,2.2125,0.1066,33.8649,0.0969,4701.56,501.19,2.5,17.25,
Coleman,2015-05-21,May,2015,M390,32,0.099,0.3277,0.4267,23.2013,0.021,0.0606,1.5919,0.0816,25.7353,0.0721,4340.1,354.15,3.1,15.87,
Coleman,2015-05-21,May,2015,M391,32,0.216,0.3988,0.6148,35.1334,0.0533,0.0788,2.1123,0.1321,40.3482,0.1269,4874.59,643.93,3.8,14.26,
Coleman,2015-05-21,May,2015,M392,30,0.1031,0.2876,0.3907,26.3885,0.0323,0.0437,1.5615,0.076,42.5,0.0689,4602.92,349.82,2.4,17.48,
Coleman,2015-05-21,May,2015,M393,31,0.1717,0.3549,0.5266,32.6054,0.041,0.0757,1.1346,0.1167,35.1328,0.1084,4321.13,504.28,3.8,14.26,
Coleman,2015-05-21,May,2015,M394,33,0.1499,0.3938,0.5437,27.5704,0.0344,0.0738,1.5231,0.1082,31.793,0.1001,4343.75,469.99,3.3,15.41,
Coleman,2015-05-21,May,2015,M395,33,0.08,0.3121,0.3921,20.403,0.0148,0.057,1.6955,0.0718,20.6128,0.0651,4326.58,310.65,2.8,16.56,
Coleman,2015-05-21,May,2015,M396,36,0.1459,0.42,0.5659,25.7819,0.0307,0.0818,1.9733,0.1125,27.2889,0.1026,4639.06,521.89,3,16.1,
Coleman,2015-05-21,May,2015,M397,28,0.0632,0.2174,0.2806,22.5232,0.013,0.0412,0.8294,0.0542,23.9852,0.0434,3954.75,214.35,3.8,14.26,
Coleman,2015-05-21,May,2015,M398,32,0.0927,0.195,0.2877,32.2211,0.0186,0.0381,1.2701,0.0567,32.8042,0.0463,4224.03,239.5,3.5,14.95,
Coleman,2015-05-21,May,2015,M399,31,0.1478,0.3569,0.5047,29.2847,0.034,0.0679,1.3613,0.1019,33.366,0.0931,4291.01,437.25,5.5,10.35,
Coleman,2015-04-28,April,2015,M400,30,0.1085,0.2045,0.313,34.6645,0.0226,0.0375,0.9597,0.0601,37.604,0.0455,4140.68,248.85,3,16.1,
Coleman,2015-04-28,April,2015,M401,33,0.0686,0.2569,0.3255,21.0753,0.013,0.0429,1.3043,0.0559,23.2558,0.0422,3958.89,221.3,3.4,15.18,
Coleman,2015-04-28,April,2015,M402,31,0.0608,0.2346,0.2954,20.5823,0.0137,0.0409,1.6799,0.0546,25.0916,0.0387,3951.77,215.77,3.1,15.87,
Coleman,2015-04-28,April,2015,M403,32,0.1825,0.3116,0.4941,36.9358,0.0293,0.0486,2.0949,0.0779,37.6123,0.0725,4113.35,320.43,5.1,11.27,
Coleman,2015-04-28,April,2015,M404,35,0.1642,0.3479,0.5121,32.064,0.0364,0.0578,2.3448,0.0942,38.6412,0.0846,4339.11,408.74,3.5,14.95,
Coleman,2015-04-28,April,2015,M405,35,0.1518,0.3843,0.5361,28.3156,0.0284,0.0683,1.7023,0.0967,29.3692,0.0866,4236.11,409.63,3,16.1,
Coleman,2015-04-28,April,2015,M406,31,0.0927,0.2567,0.3494,26.5312,0.0172,0.0401,1.9784,0.0573,30.0175,0.0522,4245.06,243.24,5.4,10.58,
Coleman,2015-04-28,April,2015,M407,34,0.1345,0.3039,0.4384,30.6797,0.0202,0.039,1.5982,0.0592,34.1216,0.0519,4076.32,241.32,2.7,16.79,
Coleman,2015-04-28,April,2015,M408,33,0.1667,0.3767,0.5434,30.6772,0.0332,0.0569,1.5667,0.0901,36.8479,0.084,4759.51,428.83,2.3,17.71,
Coleman,2015-04-28,April,2015,M409,33,0.1503,0.3802,0.5305,28.3318,0.0217,0.0509,2.1386,0.0726,29.8898,0.0657,4086.24,296.66,4,13.8,
Seward,2015-04-28,April,2015,M410,35,0.2049,0.4987,0.7036,29.1217,0.0501,0.1038,1.6716,0.1539,32.5536,0.1492,3627.07,558.21,2.5,17.25,
Seward,2015-04-28,April,2015,M411,30,0.072,0.2678,0.3398,21.1889,0.0167,0.0486,0.8954,0.0653,25.5743,0.062,4024.98,262.83,3.2,15.64,
Seward,2015-04-28,April,2015,M412,37,0.1372,0.4741,0.6113,22.444,0.0347,0.0867,2.9789,0.1214,28.5832,0.1072,4024.98,488.63,4.6,12.42,
Seward,2015-04-28,April,2015,M413,33,0.0952,0.3361,0.4313,22.0728,0.017,0.0615,1.8692,0.0785,21.6561,0.0681,3326.37,261.12,5.8,9.66,
Seward,2015-04-28,April,2015,M414,39,0.1807,0.5036,0.6843,26.4065,0.0474,0.1224,2.0237,0.1698,27.9152,0.1572,3603.64,611.9,3.8,14.26,
Coleman,2015-08-13,August,2015,M415,35,0.0617,0.3954,0.4571,13.4981,0.0148,0.0671,1.5405,0.0819,18.0708,0.0624,4567.99,374.12,4,13.8,
Coleman,2015-08-13,August,2015,M416,30,0.0214,0.2729,0.2943,7.2715,0.0108,0.0499,1.1737,0.0607,17.7924,0.0512,4089.32,248.22,3.8,14.26,
Seward,2015-03-21,March,2015,M417,35,0.0285,0.2652,0.2937,9.7038,0.0101,0.0522,2.2929,0.0623,16.2119,0.0565,3786.54,235.9,3.9,14.03,
Seward,2015-03-21,March,2015,M418,32,0.038,0.1997,0.2377,15.9865,0.0094,0.0345,1.2342,0.0439,21.4123,0.0369,4109.76,180.42,3.2,15.64,
Seward,2015-03-21,March,2015,M419,33,0.0416,0.2635,0.3051,13.6349,0.0094,0.0388,1.3664,0.0482,19.5021,0.0385,4389.75,211.59,4,13.8,
Seward,2015-03-21,March,2015,M420,36,0.0877,0.4239,0.5116,17.1423,0.0172,0.0634,2.9562,0.0806,21.34,0.0747,4464.03,359.8,1.8,18.86,
Seward,2015-03-21,March,2015,M421,33,0.0621,0.4175,0.4796,12.9483,0.0126,0.0646,2.166,0.0772,16.3212,0.0689,4774.2,368.57,4.1,13.57,
Coleman,2015-06-22,June,2015,M464,31,0.0742,0.2317,0.3059,24.2563,0.0185,0.0434,0.866,0.0619,29.8869,0.0397,4104.07,254.04,4.8,11.96,
Coleman,2015-06-22,June,2015,M465,25,0.0349,0.0844,0.1193,29.254,0.007,0.0166,0.873,0.0236,29.661,0.0089,.,.,.,.,
Coleman,2015-06-22,June,2015,M466,30,0.1742,0.3403,0.5145,33.8581,0.0358,0.064,0.7154,0.0998,35.8717,0.0786,4098.11,408.99,5.6,10.12,
Coleman,2015-06-22,June,2015,M467,28,0.0551,0.2016,0.2567,21.4647,0.0127,0.042,0.9558,0.0547,23.2176,0.0359,3777.78,206.64,7,6.9,
Coleman,2015-06-22,June,2015,M468,32,0.0744,0.287,0.3614,20.5866,0.0171,0.0526,1.3238,0.0697,24.5337,0.0543,4474.48,311.87,5.3,10.81,
Coleman,2015-06-22,June,2015,M469,28,0.0375,0.1842,0.2217,16.9147,0.0102,0.0498,1.0216,0.06,17,0.038,3927.71,235.66,5.1,11.27,
Coleman,2015-06-22,June,2015,M470,31,0.1251,0.2354,0.3605,34.7018,0.0301,0.0461,1.589,0.0762,39.5013,0.0579,4325.89,329.63,5,11.5,
Coleman,2015-06-22,June,2015,M471,33,0.0854,0.2864,0.3718,22.9693,0.0184,0.0484,1.413,0.0668,27.5449,0.0488,4378.58,292.49,4,13.8,
Coleman,2015-06-22,June,2015,M472,28,0.1151,0.1926,0.3077,37.4066,0.0265,0.0382,1.0319,0.0647,40.9583,0.0374,4201.18,271.82,2.9,16.33,
Coleman,2015-06-22,June,2015,M473,28,0.0702,0.2596,0.3298,21.2856,0.0155,0.05,1.162,0.0655,23.6641,0.0423,3957.61,259.22,2.9,16.33,
Seward,2015-06-22,June,2015,M474,31,0.1586,0.3735,0.5321,29.8064,0.0306,0.0656,1.4661,0.0962,31.8087,0.0815,4469.25,429.94,5.1,11.27,
Seward,2015-06-22,June,2015,M475,30,0.1767,0.3333,0.51,34.6471,0.0287,0.0566,2.0709,0.0853,33.646,0.0662,4766.68,406.6,2.1,18.17,
Seward,2015-06-22,June,2015,M476,35,0.4229,0.8412,1.2641,33.4546,0.0688,0.1301,3.4561,0.1989,34.5902,0.1881,5278.73,1049.94,2.9,16.33,
Seward,2015-06-22,June,2015,M477,33,0.5684,0.6543,1.2227,46.4873,0.0842,0.0931,1.6758,0.1773,47.4901,0.1602,5151.18,913.3,2,18.4,
Seward,2015-06-22,June,2015,M478,35,0.0788,0.347,0.4258,18.5063,0.0202,0.0586,1.4691,0.0788,25.6345,0.0648,3648.95,287.54,4.4,12.88,
Seward,2015-06-22,June,2015,M479,33,0.211,0.4304,0.6414,32.8968,0.0389,0.0643,1.8301,0.1032,37.6938,0.0887,4429.07,457.08,4,13.8,
Seward,2015-06-22,June,2015,M480,33,0.2029,0.5563,0.7592,26.7255,0.0357,0.089,3.0283,0.1247,28.6287,0.1045,4613.76,575.34,6,9.2,
Seward,2015-06-22,June,2015,M481,30,0.0731,0.3133,0.3864,18.9182,0.0174,0.0528,0.9071,0.0702,24.7863,0.0574,3415.13,239.74,4,13.8,
Seward,2015-06-22,June,2015,M482,31,0.1333,0.4529,0.5862,22.7397,0.0257,0.0787,1.3347,0.1044,24.6169,0.0919,4496.76,469.46,4,13.8,
Seward,2015-06-22,June,2015,M483,34,0.1771,0.5951,0.7722,22.9345,0.0271,0.1037,1.9693,0.1308,20.7187,0.1046,4460.01,583.37,3.7,14.49,
Seward,2015-09-15,September,2015,M484,29,0.1495,0.3666,0.5161,28.9673,0.0273,0.0687,1.1192,0.096,28.4375,0.0818,4442.74,426.5,3.7,14.49,
Seward,2015-09-15,September,2015,M485,29,0.1275,0.2663,0.3938,32.3768,0.0285,0.0497,1.2172,0.0782,36.445,0.0776,4534.97,354.63,4.1,13.57,
Seward,2015-09-15,September,2015,M486,28,0.1069,0.3573,0.4642,23.0289,0.023,0.068,0.9792,0.091,25.2747,0.0805,4283.61,389.81,2.8,16.56,
Coleman,2015-06-22,June,2015,M488,29,0.101,0.2889,0.3899,25.9041,0.0223,0.0619,0.973,0.0842,26.4846,0.0666,3905.73,328.86,5.7,9.89,
